{
  "head": "head",
  "portraitScale": 1.65,
  "portraitTranslation": [0, 1.78, 0],
  "profileScale": 0.75,
  "profileTranslation": [0, 0.9, 0],
  "faint": "bedrock(deltagardevoir, faint)",
  "poses": {
    "standing": {
      "poseName": "standing",
      "transformTicks": 10,
      "poseTypes": ["STAND", "NONE", "PORTRAIT", "PROFILE", "FLOAT"],
      "animations": [
        "look",
        "bedrock(deltagardevoir, ground_idle)"
      ]
    },
    "walking": {
      "poseName": "walking",
      "transformTicks": 10,
      "poseTypes": ["WALK", "SWIM"],
      "animations": [
        "look",
        "bedrock(deltagardevoir, ground_walk)"
      ]
    },
	 "sleeping": {
      "poseName": "sleeping",
      "transformTicks": 10,
      "poseTypes": [ "SLEEP" ],
      "animations": [ "bedrock(deltagardevoir, sleep)" ]
    }
  }
}