{
    "head": "head",
    "portraitScale": 1.65,
    "portraitTranslation": [0, 0, 0],
    "profileScale": 1,
    "profileTranslation": [0, 0.2, 0],
    "poses": {
      "standing": {
        "poseName": "standing",
        "transformTicks": 10,
        "poseTypes": ["STAND", "NONE", "PORTRAIT", "PROFILE", "FLOAT"],
        "animations": [
          "look",
          "bedrock(deltariolu, blink)",
          "bedrock(deltariolu, ground_idle)"
        ]
      },
      "walking": {
        "poseName": "walking",
        "transformTicks": 10,
        "poseTypes": ["WALK"],
        "animations": [
          "look",
          "bedrock(deltariolu, ground_walk)"
        ]
      }
    }
  }