{
    "head": "head",
    "portraitScale": 2.8,
    "portraitTranslation": [-0.47, -0.88, 0],
    "profileScale": 0.9,
    "profileTranslation": [0.1, 0.38, 0],
    "poses": {
      "standing": {
        "poseName": "standing",
        "transformTicks": 10,
        "poseTypes": ["STAND", "NONE", "PORTRAIT", "PROFILE", "FLOAT","HOVER"],
        "animations": [
          "look",
          "bedrock(deltapidgeotto, air_idle)"
        ]
      },
	  "sleeping": {
        "poseName": "sleeping",
        "transformTicks": 10,
        "poseTypes": ["SLEEP"],
        "animations": [
          "look",
          "bedrock(deltapidgeotto, sleep)"
        ]
       },
	   "flying": {
        "poseName": "flying",
        "transformTicks": 10,
        "poseTypes": ["FLY","WALK"],
        "animations": [
          "look",
          "bedrock(deltapidgeotto, air_fly)"
        ]
      }
    }
  }