{
  "species": "cobblemon:charmeleon",
  "order": 1,
  "variations": [
    {
      "aspects": [ "delta" ],
      "poser": "cobblemon:deltacharmeleon",
      "model": "cobblemon:deltacharmeleon.geo",
      "texture": "cobblemon:textures/pokemon/generation1/deltacharmeleon/deltacharmeleon.png",
      "layers": [
        {
          "name": "glow",
          "texture": "cobblemon:textures/pokemon/generation1/deltacharmeleon/deltacharmeleon_emissive.png",
          "emissive": true,
          "translucent": false
        },
        {
          "name": "flame",
          "texture": {
            "frames": [
              "cobblemon:textures/pokemon/generation1/deltacharmeleon/flame/deltatail1.png",
              "cobblemon:textures/pokemon/generation1/deltacharmeleon/flame/deltatail2.png",
              "cobblemon:textures/pokemon/generation1/deltacharmeleon/flame/deltatail3.png",
              "cobblemon:textures/pokemon/generation1/deltacharmeleon/flame/deltatail4.png"
            ],
            "fps": 10,
            "loop": true
          },
          "emissive": true
        }
      ]
    },
    {
      "aspects": [
        "delta", "shiny"
      ],
      "texture": "cobblemon:textures/pokemon/generation1/deltacharmeleon/deltacharmeleon_shiny.png",
      "layers": [
        {
          "name": "glow",
          "texture": "cobblemon:textures/pokemon/generation1/deltacharmeleon/deltacharmeleon_shiny_emissive.png",
          "emissive": true,
          "translucent": true
        }
      ]
    }
  ]
}