{
  "species": "cobblemon:charmander",
  "order": 1,
  "variations": [
    {
      "aspects": [ "delta" ],
      "poser": "cobblemon:generation1_deltacharmander",
      "model": "cobblemon:deltacharmander.geo",
      "texture": "cobblemon:textures/pokemon/generation1/deltacharmander/deltacharmander.png",
      "layers": [
        {
          "name": "flame",
          "texture": {
            "frames": [
              "cobblemon:textures/pokemon/generation1/deltacharmander/flame/deltatail1.png",
              "cobblemon:textures/pokemon/generation1/deltacharmander/flame/deltatail2.png",
              "cobblemon:textures/pokemon/generation1/deltacharmander/flame/deltatail3.png",
              "cobblemon:textures/pokemon/generation1/deltacharmander/flame/deltatail4.png"
            ],
            "fps": 10,
            "loop": true
          },
          "emissive": true
        },
        {
          "name": "glow",
          "texture": "cobblemon:textures/pokemon/generation1/deltacharmander/deltacharmander_emissive.png",
          "emissive": true,
          "translucent": true
        }
      ]
    },
    {
      "aspects": [ "delta", "shiny"],
      "texture": "cobblemon:textures/pokemon/generation1/deltacharmander/deltacharmander_shiny.png",
      "layers": [
        {
          "name": "glow",
          "texture": "cobblemon:textures/pokemon/generation1/deltacharmander/deltacharmander_shiny_emissive.png",
          "emissive": true,
          "translucent": true
        }
      ]
    }
  ]
}