{
    "species": "cobblemon:kirlia",
    "order": 0,
    "variations": [
      {
        "aspects": [],
        "poser": "cobblemon:generation3_deltakirlia",
        "model": "cobblemon:deltakirlia.geo",
        "texture": "cobblemon:textures/pokemon/generation3/deltakirlia.png",
        "layers": [      
		{
        "name": "glow",
        "texture": "cobblemon:textures/pokemon/generation3/deltakirlia_emissive.png",
        "emissive": true,
        "translucent": true
        }
	  ]
      },
      {
        "aspects": [
          "shiny"
        ],
        "texture": "cobblemon:textures/pokemon/generation3/deltakirlia_shiny.png",
        "layers": [      
		{
        "name": "glow",
        "texture": "cobblemon:textures/pokemon/generation3/deltakirlia_shiny_emissive.png",
        "emissive": true,
        "translucent": true
        }
	  ]
      }
    ]
  }