{
  "species": "cobblemon:deltaruinmetagross",
  "order": 10,
  "variations": [
    {
      "aspects": [
        "mega"
     ],
      "poser": "cobblemon:generation3_deltaruinmetagross",
      "model": "cobblemon:cutout_gravelmon.geo",
      "texture": "cobblemon:textures/pokemon/generation3/mega_deltaruinmetagross.png",
      "layers": []
    },
    {
      "aspects": [
        "mega",
        "shiny"
      ],
      "texture": "cobblemon:textures/pokemon/generation3/mega_deltaruinmetagross_shiny.png"
    }  ]
}