{
    "species": "cobblemon:deltagallade",
    "order": 2,
    "variations": [
      {
        "aspects": [],
        "poser": "cobblemon:generation4_deltagallade",
        "model": "cobblemon:deltagallade.geo",
        "texture": "cobblemon:textures/pokemon/generation4/deltagallade.png",
        "layers": [
		      {
        "name": "glow",
        "texture": "cobblemon:textures/pokemon/generation4/deltagallade_emissive.png",
        "emissive": true,
        "translucent": true
      }
		]
      },
      {
        "aspects": [
          "shiny"
        ],
        "texture": "cobblemon:textures/pokemon/generation4/deltagallade_shiny.png",
        "layers": [
		      {
        "name": "glow",
        "texture": "cobblemon:textures/pokemon/generation4/deltagallade_shiny_emissive.png",
        "emissive": true,
        "translucent": true
      }
		]		
		}
    ]
  }