{
	"format_version": "1.12.0",
	"minecraft:geometry": [
		{
			"description": {
				"identifier": "geometry.substitute",
				"texture_width": 128,
				"texture_height": 128,
				"visible_bounds_width": 12,
				"visible_bounds_height": 12,
				"visible_bounds_offset": [0, 1, 0]
			},
			"bones": [
				{
					"name": "substitute",
					"pivot": [0, 0, 0]
				},
				{
					"name": "body",
					"parent": "substitute",
					"pivot": [0, 0, 0],
					"cubes": [
						{"origin": [-64, -1, 0], "size": [128, 128, 0], "pivot": [0, 14, 0], "rotation": [0, 0, -180], "uv": [0, 0]},
						{"origin": [-64, -1, 0], "size": [128, 128, 0], "pivot": [0, 14, 0], "rotation": [-180, 0, 0], "uv": [0, 0]}
					]
				}
			]
		}
	]
}