{
  "species": "cobblemon:deltazweilous",
  "order": 0,
  "variations": [
    {
      "aspects": [],
      "poser": "cobblemon:generation5_deltazweilous",
      "model": "cobblemon:cutout_gravelmon.geo",
      "texture": "cobblemon:textures/pokemon/generation5/deltazweilous.png",
      "layers": []
    },
    {
      "aspects": [
        "shiny"
      ],
      "texture": "cobblemon:textures/pokemon/generation5/deltazweilous_shiny.png"
    },
    {
      "aspects": [
        "female"
      ],
      "texture": "cobblemon:textures/pokemon/generation5/deltazweilous_female.png"
    },
    {
      "aspects": [
        "female",
        "shiny"
      ],
      "texture": "cobblemon:textures/pokemon/generation5/deltazweilous_female_shiny.png"
    }
  ]
}