{
  "species": "cobblemon:deltahydreigon",
  "order": 0,
  "variations": [
    {
      "aspects": [],
      "poser": "cobblemon:generation5_deltahydreigon",
      "model": "cobblemon:cutout_gravelmon.geo",
      "texture": "cobblemon:textures/pokemon/generation5/deltahydreigon.png",
      "layers": []
    },
    {
      "aspects": [
        "shiny"
      ],
      "texture": "cobblemon:textures/pokemon/generation5/deltahydreigon_shiny.png"
    },
    {
      "aspects": [
        "female"
      ],
      "texture": "cobblemon:textures/pokemon/generation5/deltahydreigon_female.png"
    },
    {
      "aspects": [
        "female",
        "shiny"
      ],
      "texture": "cobblemon:textures/pokemon/generation5/deltahydreigon_female_shiny.png"
    }
  ]
}