{
  "species": "cobblemon:deltaemolga",
  "order": 10,
  "variations": [
    {
      "aspects": [
        "blaze_boost"
     ],
      "poser": "cobblemon:generation5_deltaemolga",
      "model": "cobblemon:cutout_gravelmon.geo",
      "texture": "cobblemon:textures/pokemon/generation5/blazeboost_deltaemolga.png",
      "layers": []
    },
    {
      "aspects": [
        "blaze_boost",
        "shiny"
      ],
      "texture": "cobblemon:textures/pokemon/generation5/blazeboost_deltaemolga_shiny.png"
    }  ]
}